[
  {
    "signatures": [
      {
        "signature": "sha256:7e0e261d87605374eb0b1a4e87b57902fc1d9023e36ae478a89329318fded11d",
        "filename": "vmcm-1.7.10-1.0.1.jar"
      },
      {
        "signature": "sha256:a56e939af20d72960189d5edc48394436ad47fdc1ecb9f242d63d0d163460132",
        "filename": "TConstruct-1.7.10-1.7.1c.jar"
      },
      {
        "signature": "sha256:c69bbc03a0e8ec6a604b856f4c4923e19f93c505a6890629b5984d9053a3d9ca",
        "filename": "neiaddons-mc1710-1.12.2.9.jar"
      },
      {
        "signature": "sha256:9632e215ffa5a06874221a863e977b3ff601a1b35fba8f4657fcb749b87b619e",
        "filename": "SpecialMobs-1.7.10-3.0.3.jar"
      },
      {
        "signature": "sha256:457b12f8f6641c2da8e8b73b3b553d1a7fb23f82ab8872ea898b9b2e25e8b24b",
        "filename": "MobProperties-1.7.10-0.2.1 (1).jar"
      },
      {
        "signature": "sha256:dcde6033b205433d6e9855c93740f798951fa3a3f252035a768d9f356fde806d",
        "filename": "log4j-core-2.0-beta9.jar"
      },
      {
        "signature": "sha256:69f1d1da15c1fbc863dc60b58a626ad4335008fdefc25661743cc1e858979e06",
        "filename": "forestry_1.7.10-3.0.0.198.jar"
      },
      {
        "signature": "sha256:9cad7ed532c091348708e7d49390553dad6a6aba81a981513e73e93ac0d647e3",
        "filename": "Sanguimancy-1.7.10-1.1.8-4.jar"
      },
      {
        "signature": "sha256:6a009859c63103490b3741e54aeb87aba1e77253bde710140fa1585dc6f2434d",
        "filename": "CodeChickenCore-1.7.10-1.0.4.29-universal.jar"
      },
      {
        "signature": "sha256:03b11317a631414ad7a5bde3635de11bf93a8c2e28819c8896d486b6d4a7c06e",
        "filename": "scala-compiler-2.11.1.jar"
      },
      {
        "signature": "sha256:61a6b640e2c82dfe259f71cb2906adb9cf5e89309af9385f03d0b18f566e86c4",
        "filename": "GraveStone 2.9.7.jar"
      },
      {
        "signature": "sha256:c0328cd07ca9e363a5acd00c1cf4afe8cf554bd6d373834981ba05cebec687fb",
        "filename": "gson-2.2.4.jar"
      },
      {
        "signature": "sha256:abd02320e2356f89d054dae4cf02306bef20a9cf7865b3ac94ec7552b4f1528b",
        "filename": "httpcore-4.3.2.jar"
      },
      {
        "signature": "sha256:5bd6fe6d22e8d93b16582e86cb7e46d4868688f1fe542c48742ea5d7f17cf331",
        "filename": "BloodMagic-1.7.10-1.2.1b-1.jar"
      },
      {
        "signature": "sha256:e06278b1d4c36491bea3644354c4585894bad15554cd6b1f8e30407dd43cadf6",
        "filename": "WailaHarvestability-mc1.7.x-1.0.4.jar"
      },
      {
        "signature": "sha256:b1c586fe5c178284ffa46420dc727c55d60b813a499f27380db110172942d733",
        "filename": "launchgui-1.7.10-1.3.jar"
      },
      {
        "signature": "sha256:8e7ee589d69fc01ca1b0aea1646cfe3c559719c88477a40d260c39d2a3c7a767",
        "filename": "whatsthispack-1.7.2-1.0.jar"
      },
      {
        "signature": "sha256:1d3ebf0507e1e2dffa99188daf0afdb724c67239f83bd9c9f8234818b0503d3c",
        "filename": "RandomThings-2.2.2.jar"
      },
      {
        "signature": "sha256:e468e18bfcfa199388b91785ad6be5195c0ea76ab928d85fce27ced03f4042e9",
        "filename": "NEIPlugins-MC1.7.10-1.1.0.8-unofficial.jar"
      },
      {
        "signature": "sha256:2c284bab5eb55cc311973f139641bb86e271453cf4e7a957a9ca5ea3f98f652a",
        "filename": "EnderIO-1.7.10-2.2.1.276.jar"
      },
      {
        "signature": "sha256:d66851394ccb3458246f8375f2153b548f12b40980c11d73c3f1a416e73906a2",
        "filename": "InventoryTweaks-1.58-147.jar"
      },
      {
        "signature": "sha256:4aa20d2333c3be47bebe5ac39cf913f0fd610919809221ae109c61f1798f8154",
        "filename": "CreepersFire-1.0b.jar"
      },
      {
        "signature": "sha256:1fba123ce1aeae1c5b5fd8c5f675f4a17144d7a815a0821c5270a9b6abfb12a9",
        "filename": "SpiceOfLife-mc1.7.x-1.1.1.jar"
      },
      {
        "signature": "sha256:fa917f4f3f6a76375134ba89a40d3a1ce807945a91bbdbe39c31f76e03030868",
        "filename": "guava-16.0.jar"
      },
      {
        "signature": "sha256:57e91f5086985f052d26a1030dda3c1119a7b5a52ace8b3d16830eb759a7c5bf",
        "filename": "Carpenter\u0027s Blocks v3.2.7 - MC 1.7.10.zip"
      },
      {
        "signature": "sha256:2882d64550240dd0c026724da664d9f97ef205c91d6a85273d10790d88608f34",
        "filename": "soundsystem-20120107.jar"
      },
      {
        "signature": "sha256:3c8616203d61a12a7e3487e8b34f3c198c2b5ba9e90da0c7ea32d99cd4958012",
        "filename": "trove4j-3.0.3.jar"
      },
      {
        "signature": "sha256:ea32a56d38f0d7ae5a17e79df2e1622299e63c4a084a1215ff86d8889ecb6f48",
        "filename": "HQM-The Journey (4.2.1).jar"
      },
      {
        "signature": "sha256:a8ced4924d0e285ab287d94889e9920f855b9e13ef42e1c7468377b3c13bdb2b",
        "filename": "realms-1.3.5.jar"
      },
      {
        "signature": "sha256:d0e2fe70d9c38f6c1863b5842b40742f0650d70492e9eb01ffc3a0f5d4c7050c",
        "filename": "CodeChickenLib-1.7.10-1.1.1.99-universal.jar"
      },
      {
        "signature": "sha256:9d1d12d81d7e822c4e12aafa8ed6f273fc06ccfdc42a3692b9233f38efc1fdf1",
        "filename": "OpenBlocks-1.7.10-1.3-snapshot-430.jar"
      },
      {
        "signature": "sha256:333bbefeff5eb1722dc9b8d2e26c38bc69c1efa07d0ca870480f29d8858aa336",
        "filename": "libraryjavasound-20101123.jar"
      },
      {
        "signature": "sha256:bb7d17b340afe6abdfbfdaa03683bce4aef39a64887dbab0636eaff3cf2d59ba",
        "filename": "codecwav-20101023.jar"
      },
      {
        "signature": "sha256:8024c2503bf83efa7dff153fe024c1624f5f756be0ec5fc11c856fe420864d26",
        "filename": "commons-lang3-3.2.1.jar"
      },
      {
        "signature": "sha256:f921abc9c792f594f7fc6fc06b4a7ea330b646ea5ed3785e3589f90b16b2aad1",
        "filename": "twitch-5.16.jar"
      },
      {
        "signature": "sha256:1113779bb8a0f125db39e72fd83bd858e00ee6590af4677e894c214e9b71fd98",
        "filename": "WaslieCore-1.1_B43.jar"
      },
      {
        "signature": "sha256:107d11509f6af59b8c2ba23df828bc5d3c4e067b58f3d858c7deb90ca5308f84",
        "filename": "librarylwjglopenal-20100824.jar"
      },
      {
        "signature": "sha256:e1435bb3d9aeceb156b006962d977de35b8a881b6b4c1727a1ae11241f056f93",
        "filename": "[1.7.10]ArmorStatusHUD-client-1.27.jar"
      },
      {
        "signature": "sha256:83e9533eb98aa6dc22409a177caf29feb1b3668003803e5e35c5233993954df9",
        "filename": "LoreExpansion-1.7.X-1.0.0.22-universal.jar"
      },
      {
        "signature": "sha256:bae06bacc811c7b2d016d7068df16882d2ec5e549f7729b7fd99c91a67097e07",
        "filename": "DeadlyWorld-1.7.10-1.0.2 (1).jar"
      },
      {
        "signature": "sha256:4d8907deef9eb0794e9421d9a8cc57ac24aac133c5d901407c8ace844dc3f877",
        "filename": "CharacterOnGui-1.7.10-1.3.jar"
      },
      {
        "signature": "sha256:8955fc664658360641cd8ed3dbb960edebc35e2d066f092acd1962b82075a89f",
        "filename": "[1.7.10]bspkrsCore-universal-6.14.jar"
      },
      {
        "signature": "sha256:5a0282ea16f67e110353e50b6fa0eea53ed32ce7f6742cae09fe1f8fb8cecc84",
        "filename": "1.7.10-MB_Battlegear2-Bullseye-1.0.6.2.jar"
      },
      {
        "signature": "sha256:0c3085cb93c3ef95d731c274b6f2dd195aa0405fe9328d69cab7f5e899d5e124",
        "filename": "lzma-0.0.1.jar"
      },
      {
        "signature": "sha256:4f9a8f30e32703b6a49de22aefe8ca8a74ec63bff2826b85dce6a956008d4670",
        "filename": "witchery-1.7.10-0.20.5.jar"
      },
      {
        "signature": "sha256:cbe4d5bf29e470bd88050ec5897f2fdc875f71d300a2268531ab24dc5b76751d",
        "filename": "NotEnoughItems-1.7.10-1.0.3.68-universal.jar"
      },
      {
        "signature": "sha256:408085be581c02eb852550a911dcbb9f0756ce6dc0ddcf592f1756e26565ee80",
        "filename": "1.7.10 Technomancy 0.8.1.jar"
      },
      {
        "signature": "sha256:715b60a1eff967a6e2abf47df76c1dccd54fbae0f1bc08f749aa5e3f356838ee",
        "filename": "MineTweaker3-1.7.10-3.0.8B.jar"
      },
      {
        "signature": "sha256:9b80ae8f6d79241abe16a4ecf96f38946a67753f6e3cce1806b77583de78dd75",
        "filename": "[1.7.10]StatusEffectHUD-client-1.26.jar"
      },
      {
        "signature": "sha256:2c149735a093b6c65a27db760896ad5c5b06e29100bb8969937667784fef4ba0",
        "filename": "authlib-1.5.16.jar"
      },
      {
        "signature": "sha256:f1fc53d906dd0b56c8df74eb6860f39b58e6d7652909078a70297288dbc4d34d",
        "filename": "GenCreator 1.1.jar"
      },
      {
        "signature": "sha256:79b5a4f5829e1a49a415711f7fb8eb5b9ad22defa72929fda2da96ec30d3f018",
        "filename": "jinput-2.0.5.jar"
      },
      {
        "signature": "sha256:d31400c8f32f6f3ac5eac2f022c733ceccb4cf4d652a6b2e05f965d8dca8cda3",
        "filename": "scala-swing_2.11-1.0.1.jar"
      },
      {
        "signature": "sha256:0ce4a0d659a4c43f5f9a64cfa598453c3cd65efaab35deb04795f2e68bd714ad",
        "filename": "Railcraft_1.7.10-9.4.0.0.jar"
      },
      {
        "signature": "sha256:c118f8d84313980f79e1e7f7ae4b14b10c2f20c77ea4a1c29f6f0b02bc139077",
        "filename": "lwjgl-2.9.1.jar"
      },
      {
        "signature": "sha256:78b5752b7650c1bc017846e8d22adde1dc5193af59e505db07f65e2c7e385207",
        "filename": "EnviroMine-v1.3.56.jar"
      },
      {
        "signature": "sha256:4b2cc628ceb7d7a19921b2d9a78e7e149f81afd017a5dd511a8f2ae59c33075b",
        "filename": "scala-actors-migration_2.11-1.1.0.jar"
      },
      {
        "signature": "sha256:c0dafe3ac28f31265c02b6975b8f31f6981c42902cd8d7eb32b5414012027dbe",
        "filename": "StevesFactoryManagerA93.jar"
      },
      {
        "signature": "sha256:e6cfa49cf852c29795e340b25dd46164aaf3209701a26aee0d46f9324ce22a56",
        "filename": "scala-parser-combinators_2.11-1.0.1.jar"
      },
      {
        "signature": "sha256:9844cc9b5440d65a88d28bcba9d771374d2dfdab898848cda164611091633013",
        "filename": "httpclient-4.3.3.jar"
      },
      {
        "signature": "sha256:ad19d2601c3abf0b946b5c3a4113e226a8c1e3305e395b90013b78dd94a723ce",
        "filename": "commons-codec-1.9.jar"
      },
      {
        "signature": "sha256:bc435f95c03d525a9c207f89788da96a1568e2d4eaad24e2195a5dbd36609004",
        "filename": "Waila-1.5.4a_1.7.10.jar"
      },
      {
        "signature": "sha256:e74b65b8948446982a506a96176dd8baf4688237ba4903f56ca6f667b6c7ee42",
        "filename": "launchwrapper-1.11.jar"
      },
      {
        "signature": "sha256:6c4b4e50e608763564afa1bde2d25ece9dd715e7c9129540faa1faded4896506",
        "filename": "codecjorbis-20101023.jar"
      },
      {
        "signature": "sha256:6fd0cbc54571253b936eaab472382bdbaad25acc22928a4fc52c1fb578814daf",
        "filename": "buildcraft-6.2.1.jar"
      },
      {
        "signature": "sha256:32d7e73005a2dc0ccc3c62470c435b351f6501de8e8718e26960534754570a77",
        "filename": "lwjgl_util-2.9.1.jar"
      },
      {
        "signature": "sha256:501cc3c5b7d1d1769c03b22935ba3ed9e91bc6e1ce4b2b9ca29f2406df98c0be",
        "filename": "[1.7.10]DirectionHUD-client-1.23.jar"
      },
      {
        "signature": "sha256:dad8b6b239b6d7c1a1c1db262920d37703777c6004d726f802793b89f2dc4d71",
        "filename": "forge-1.7.10-10.13.2.1236-universal.jar"
      },
      {
        "signature": "sha256:73f037dde82d67cec51c75b44e025e8ec58d725e0e83e9442f407825ef7cb4b3",
        "filename": "OresPlus-0.7.38-beta.jar"
      },
      {
        "signature": "sha256:7ea95a26c6fc2f91a000bfc06274c8caa7ed3cfa4a40bdf0f4f8750caafa90a1",
        "filename": "scala-continuations-plugin_2.11.1-1.0.2.jar"
      },
      {
        "signature": "sha256:5f5f309669f0bbc70afe7a0dfa7c1f8e22c9f24012167b1097eb33197829ecc0",
        "filename": "OpenModsLib-1.7.10-0.6-snapshot-223.jar"
      },
      {
        "signature": "sha256:6defa9231a726b0593f3f71fa8ef35728ec1f34be4a8655c2fa6f1e5a0847f5b",
        "filename": "BloodUtils-1.4_B0.jar"
      },
      {
        "signature": "sha256:78f76dde76169df4deb3a626b50f27e9944d3942ca40cb2b04c211fa032994c2",
        "filename": "CoFHCore-[1.7.10]3.0.0B8-36.jar"
      },
      {
        "signature": "sha256:8772f727448b8c68785331ae051cb5d80ac6ade14b36646eed101f621356b1b1",
        "filename": "OpenEye-0.6-1.7.10.jar"
      },
      {
        "signature": "sha256:dbaa088690a23a954eff669a99d2452a24dd9f10d866725ff5d29ff4740a897e",
        "filename": "vecmath-1.3.1.jar"
      },
      {
        "signature": "sha256:c3334ff39cf0ab3b54925619101054c90098b7c733b1e7834c7b75e4c41e84a5",
        "filename": "jutils-1.0.0.jar"
      },
      {
        "signature": "sha256:ba507644f6f4b23e276cc749a4f6c72fa2942275c653b73d05a4faf5b0d48bf6",
        "filename": "scala-xml_2.11-1.0.2.jar"
      },
      {
        "signature": "sha256:c6861456894b85d854321f58efb1eefec4440a3f3fa0ba79beeca91d20f77ed9",
        "filename": "NaturalAbsorption-1.7.10-1.2.1 (1).jar"
      },
      {
        "signature": "sha256:eb0ca9bdd938f80711152a758d6bc331a8b0d769199d457294dc67ed03f73498",
        "filename": "log4j-api-2.0-beta9.jar"
      },
      {
        "signature": "sha256:64335a48be6b142a7d0c13ec5c82a707857aa58c0234e6eda3eaca0e96eea51b",
        "filename": "jopt-simple-4.5.jar"
      },
      {
        "signature": "sha256:d3cdcb86db214e08ded69d7734f4e997e14ae64fa30f8e55f00d2ada91005e39",
        "filename": "config-1.2.1.jar"
      },
      {
        "signature": "sha256:cc6a41dc3eaacc9e440a6bd0d2890b20d36b4ee408fe2d67122f328bb6e01581",
        "filename": "commons-io-2.4.jar"
      },
      {
        "signature": "sha256:09d44e6adddaab9fd89ea3164c439f71c755769fa8d3a940352ab3d2003b98ff",
        "filename": "asm-all-5.0.3.jar"
      },
      {
        "signature": "sha256:5fca136503f86ecc6cb61fbd17b137d59e56b45c7a5494e6b8fd3cabd4697fbd",
        "filename": "commons-compress-1.8.1.jar"
      },
      {
        "signature": "sha256:147592c5eb8e11fc8394125954f877acf25918bae13aa210c2825aefc3030ed8",
        "filename": "icu4j-core-mojang-51.2.jar"
      },
      {
        "signature": "sha256:31a232d9b0b038c2f6f0afb23e3007c726ebe12bcefd5c2a6ad25cd6e6d232e8",
        "filename": "EnderStorage-1.7.10-1.4.5.24-universal.jar"
      },
      {
        "signature": "sha256:96eaa32232b5a5b0f9afc121a0e1b2416e3dca50657b31e5431c0a04ae650552",
        "filename": "netty-all-4.0.10.Final.jar"
      },
      {
        "signature": "sha256:0905258c7992c70da3b4cba9a70a946411b3ae7a50f7ace1019dfd7249651376",
        "filename": "scala-reflect-2.11.1.jar"
      },
      {
        "signature": "sha256:90806dd16cc7c4498e4d0b45b91a3172a0f7404265e4f6e725b61bc80bce892d",
        "filename": "appliedenergistics2-rv1-stable-1.jar"
      },
      {
        "signature": "sha256:70903f6fc82e9908c8da9f20443f61d90f0870a312642991fe8462a0b9391784",
        "filename": "commons-logging-1.1.3.jar"
      },
      {
        "signature": "sha256:a99d64e7d10d06f13b174a7042af8afb1402fe5c86e2a430b6472c73cb39465a",
        "filename": "akka-actor_2.11-2.3.3.jar"
      },
      {
        "signature": "sha256:48da08965c28ccf7571335fd4808d369e0ff5c632c2291c05c060cae52ac0e8e",
        "filename": "scala-continuations-library_2.11-1.0.2.jar"
      },
      {
        "signature": "sha256:c5e7c29bd9bec8f606ba6fa224ef0285e3c6fa24770c0b5116e15086cac0eef3",
        "filename": "Mantle-1.7.10-0.3.2.jar"
      },
      {
        "signature": "sha256:a4fc2284657544e0f4bcc964f927c2fda3e3a205178ed1d5d58883aaf9780cce",
        "filename": "1.7.10.jar"
      },
      {
        "signature": "sha256:c074ef34f975d55f5ddb64a8eb53d2644bbd597764d7c47d3ed6b90db592a620",
        "filename": "scala-library-2.11.1.jar"
      }
    ],
    "addedSignatures": [
      "sha256:1fba123ce1aeae1c5b5fd8c5f675f4a17144d7a815a0821c5270a9b6abfb12a9",
      "sha256:5bd6fe6d22e8d93b16582e86cb7e46d4868688f1fe542c48742ea5d7f17cf331",
      "sha256:e74b65b8948446982a506a96176dd8baf4688237ba4903f56ca6f667b6c7ee42",
      "sha256:e06278b1d4c36491bea3644354c4585894bad15554cd6b1f8e30407dd43cadf6",
      "sha256:9d1d12d81d7e822c4e12aafa8ed6f273fc06ccfdc42a3692b9233f38efc1fdf1",
      "sha256:f921abc9c792f594f7fc6fc06b4a7ea330b646ea5ed3785e3589f90b16b2aad1",
      "sha256:8e7ee589d69fc01ca1b0aea1646cfe3c559719c88477a40d260c39d2a3c7a767",
      "sha256:0c3085cb93c3ef95d731c274b6f2dd195aa0405fe9328d69cab7f5e899d5e124",
      "sha256:6a009859c63103490b3741e54aeb87aba1e77253bde710140fa1585dc6f2434d",
      "sha256:61a6b640e2c82dfe259f71cb2906adb9cf5e89309af9385f03d0b18f566e86c4",
      "sha256:fa917f4f3f6a76375134ba89a40d3a1ce807945a91bbdbe39c31f76e03030868",
      "sha256:4d8907deef9eb0794e9421d9a8cc57ac24aac133c5d901407c8ace844dc3f877",
      "sha256:e1435bb3d9aeceb156b006962d977de35b8a881b6b4c1727a1ae11241f056f93",
      "sha256:a99d64e7d10d06f13b174a7042af8afb1402fe5c86e2a430b6472c73cb39465a",
      "sha256:78f76dde76169df4deb3a626b50f27e9944d3942ca40cb2b04c211fa032994c2",
      "sha256:03b11317a631414ad7a5bde3635de11bf93a8c2e28819c8896d486b6d4a7c06e",
      "sha256:4f9a8f30e32703b6a49de22aefe8ca8a74ec63bff2826b85dce6a956008d4670",
      "sha256:2c284bab5eb55cc311973f139641bb86e271453cf4e7a957a9ca5ea3f98f652a",
      "sha256:e468e18bfcfa199388b91785ad6be5195c0ea76ab928d85fce27ced03f4042e9",
      "sha256:48da08965c28ccf7571335fd4808d369e0ff5c632c2291c05c060cae52ac0e8e",
      "sha256:abd02320e2356f89d054dae4cf02306bef20a9cf7865b3ac94ec7552b4f1528b",
      "sha256:c118f8d84313980f79e1e7f7ae4b14b10c2f20c77ea4a1c29f6f0b02bc139077",
      "sha256:7e0e261d87605374eb0b1a4e87b57902fc1d9023e36ae478a89329318fded11d",
      "sha256:1113779bb8a0f125db39e72fd83bd858e00ee6590af4677e894c214e9b71fd98",
      "sha256:9844cc9b5440d65a88d28bcba9d771374d2dfdab898848cda164611091633013",
      "sha256:e6cfa49cf852c29795e340b25dd46164aaf3209701a26aee0d46f9324ce22a56",
      "sha256:9b80ae8f6d79241abe16a4ecf96f38946a67753f6e3cce1806b77583de78dd75",
      "sha256:a56e939af20d72960189d5edc48394436ad47fdc1ecb9f242d63d0d163460132",
      "sha256:96eaa32232b5a5b0f9afc121a0e1b2416e3dca50657b31e5431c0a04ae650552",
      "sha256:5fca136503f86ecc6cb61fbd17b137d59e56b45c7a5494e6b8fd3cabd4697fbd",
      "sha256:3c8616203d61a12a7e3487e8b34f3c198c2b5ba9e90da0c7ea32d99cd4958012",
      "sha256:90806dd16cc7c4498e4d0b45b91a3172a0f7404265e4f6e725b61bc80bce892d",
      "sha256:32d7e73005a2dc0ccc3c62470c435b351f6501de8e8718e26960534754570a77",
      "sha256:501cc3c5b7d1d1769c03b22935ba3ed9e91bc6e1ce4b2b9ca29f2406df98c0be",
      "sha256:bae06bacc811c7b2d016d7068df16882d2ec5e549f7729b7fd99c91a67097e07",
      "sha256:5a0282ea16f67e110353e50b6fa0eea53ed32ce7f6742cae09fe1f8fb8cecc84",
      "sha256:bc435f95c03d525a9c207f89788da96a1568e2d4eaad24e2195a5dbd36609004",
      "sha256:c69bbc03a0e8ec6a604b856f4c4923e19f93c505a6890629b5984d9053a3d9ca",
      "sha256:09d44e6adddaab9fd89ea3164c439f71c755769fa8d3a940352ab3d2003b98ff",
      "sha256:6defa9231a726b0593f3f71fa8ef35728ec1f34be4a8655c2fa6f1e5a0847f5b",
      "sha256:8024c2503bf83efa7dff153fe024c1624f5f756be0ec5fc11c856fe420864d26",
      "sha256:d3cdcb86db214e08ded69d7734f4e997e14ae64fa30f8e55f00d2ada91005e39",
      "sha256:c3334ff39cf0ab3b54925619101054c90098b7c733b1e7834c7b75e4c41e84a5",
      "sha256:73f037dde82d67cec51c75b44e025e8ec58d725e0e83e9442f407825ef7cb4b3",
      "sha256:78b5752b7650c1bc017846e8d22adde1dc5193af59e505db07f65e2c7e385207",
      "sha256:0ce4a0d659a4c43f5f9a64cfa598453c3cd65efaab35deb04795f2e68bd714ad",
      "sha256:6fd0cbc54571253b936eaab472382bdbaad25acc22928a4fc52c1fb578814daf",
      "sha256:ad19d2601c3abf0b946b5c3a4113e226a8c1e3305e395b90013b78dd94a723ce",
      "sha256:6c4b4e50e608763564afa1bde2d25ece9dd715e7c9129540faa1faded4896506",
      "sha256:d0e2fe70d9c38f6c1863b5842b40742f0650d70492e9eb01ffc3a0f5d4c7050c",
      "sha256:9632e215ffa5a06874221a863e977b3ff601a1b35fba8f4657fcb749b87b619e",
      "sha256:79b5a4f5829e1a49a415711f7fb8eb5b9ad22defa72929fda2da96ec30d3f018",
      "sha256:5f5f309669f0bbc70afe7a0dfa7c1f8e22c9f24012167b1097eb33197829ecc0",
      "sha256:4b2cc628ceb7d7a19921b2d9a78e7e149f81afd017a5dd511a8f2ae59c33075b",
      "sha256:8772f727448b8c68785331ae051cb5d80ac6ade14b36646eed101f621356b1b1",
      "sha256:57e91f5086985f052d26a1030dda3c1119a7b5a52ace8b3d16830eb759a7c5bf",
      "sha256:408085be581c02eb852550a911dcbb9f0756ce6dc0ddcf592f1756e26565ee80",
      "sha256:cc6a41dc3eaacc9e440a6bd0d2890b20d36b4ee408fe2d67122f328bb6e01581",
      "sha256:2c149735a093b6c65a27db760896ad5c5b06e29100bb8969937667784fef4ba0",
      "sha256:d66851394ccb3458246f8375f2153b548f12b40980c11d73c3f1a416e73906a2",
      "sha256:83e9533eb98aa6dc22409a177caf29feb1b3668003803e5e35c5233993954df9",
      "sha256:a4fc2284657544e0f4bcc964f927c2fda3e3a205178ed1d5d58883aaf9780cce",
      "sha256:8955fc664658360641cd8ed3dbb960edebc35e2d066f092acd1962b82075a89f",
      "sha256:dbaa088690a23a954eff669a99d2452a24dd9f10d866725ff5d29ff4740a897e",
      "sha256:c5e7c29bd9bec8f606ba6fa224ef0285e3c6fa24770c0b5116e15086cac0eef3",
      "sha256:d31400c8f32f6f3ac5eac2f022c733ceccb4cf4d652a6b2e05f965d8dca8cda3",
      "sha256:7ea95a26c6fc2f91a000bfc06274c8caa7ed3cfa4a40bdf0f4f8750caafa90a1",
      "sha256:f1fc53d906dd0b56c8df74eb6860f39b58e6d7652909078a70297288dbc4d34d",
      "sha256:107d11509f6af59b8c2ba23df828bc5d3c4e067b58f3d858c7deb90ca5308f84",
      "sha256:ba507644f6f4b23e276cc749a4f6c72fa2942275c653b73d05a4faf5b0d48bf6",
      "sha256:b1c586fe5c178284ffa46420dc727c55d60b813a499f27380db110172942d733",
      "sha256:715b60a1eff967a6e2abf47df76c1dccd54fbae0f1bc08f749aa5e3f356838ee",
      "sha256:64335a48be6b142a7d0c13ec5c82a707857aa58c0234e6eda3eaca0e96eea51b",
      "sha256:cbe4d5bf29e470bd88050ec5897f2fdc875f71d300a2268531ab24dc5b76751d",
      "sha256:70903f6fc82e9908c8da9f20443f61d90f0870a312642991fe8462a0b9391784",
      "sha256:31a232d9b0b038c2f6f0afb23e3007c726ebe12bcefd5c2a6ad25cd6e6d232e8",
      "sha256:1d3ebf0507e1e2dffa99188daf0afdb724c67239f83bd9c9f8234818b0503d3c",
      "sha256:c6861456894b85d854321f58efb1eefec4440a3f3fa0ba79beeca91d20f77ed9",
      "sha256:4aa20d2333c3be47bebe5ac39cf913f0fd610919809221ae109c61f1798f8154",
      "sha256:2882d64550240dd0c026724da664d9f97ef205c91d6a85273d10790d88608f34",
      "sha256:457b12f8f6641c2da8e8b73b3b553d1a7fb23f82ab8872ea898b9b2e25e8b24b",
      "sha256:c0328cd07ca9e363a5acd00c1cf4afe8cf554bd6d373834981ba05cebec687fb",
      "sha256:eb0ca9bdd938f80711152a758d6bc331a8b0d769199d457294dc67ed03f73498",
      "sha256:c074ef34f975d55f5ddb64a8eb53d2644bbd597764d7c47d3ed6b90db592a620",
      "sha256:0905258c7992c70da3b4cba9a70a946411b3ae7a50f7ace1019dfd7249651376",
      "sha256:a8ced4924d0e285ab287d94889e9920f855b9e13ef42e1c7468377b3c13bdb2b",
      "sha256:ea32a56d38f0d7ae5a17e79df2e1622299e63c4a084a1215ff86d8889ecb6f48",
      "sha256:c0dafe3ac28f31265c02b6975b8f31f6981c42902cd8d7eb32b5414012027dbe",
      "sha256:69f1d1da15c1fbc863dc60b58a626ad4335008fdefc25661743cc1e858979e06",
      "sha256:333bbefeff5eb1722dc9b8d2e26c38bc69c1efa07d0ca870480f29d8858aa336",
      "sha256:bb7d17b340afe6abdfbfdaa03683bce4aef39a64887dbab0636eaff3cf2d59ba",
      "sha256:9cad7ed532c091348708e7d49390553dad6a6aba81a981513e73e93ac0d647e3",
      "sha256:147592c5eb8e11fc8394125954f877acf25918bae13aa210c2825aefc3030ed8",
      "sha256:dad8b6b239b6d7c1a1c1db262920d37703777c6004d726f802793b89f2dc4d71",
      "sha256:dcde6033b205433d6e9855c93740f798951fa3a3f252035a768d9f356fde806d"
    ],
    "removedSignatures": [],
    "workTime": 6124992.5,
    "language": "en_US",
    "locale": "en_US",
    "timezone": "GMT-06:00",
    "branding": [
      "Minecraft 1.7.10",
      "MCP v9.05",
      "FML v7.10.85.1236",
      "Minecraft Forge 10.13.2.1236",
      "65 mods loaded, 65 mods active"
    ],
    "runtime": {
      "mcp": "MCP v9.05",
      "fml": "7.10.85.1236",
      "forge": "10.13.2.1236"
    },
    "minecraft": "Minecraft 1.7.10",
    "javaVersion": "Oracle Corporation 1.7.0_60",
    "tags": [
      "vampire",
      "Running Red 2"
    ],
    "side": "client",
    "obfuscated": true,
    "type": "analytics"
  }
]